Izba Skarbowa we Wrocławiu,50-983,Wrocław,Bernarda Pretficza 11,(71) 360-63-00,(71) 361-40-37,is@ds.mofnet.gov.pl,0201
Dolnośląski Urząd Skarbowy we Wrocławiu,51-130,Wrocław,Żmigrodzka 141,(71) 32-36- 800,(71) 32 36 805,us0271@ds.mofnet.gov.pl,0271
Urząd Skarbowy w Bolesławcu,59-700,Bolesławiec,Garncarska 10,(75) 646-52-00,(75) 646-52-01,us0202@ds.mofnet.gov.pl,0202
Urząd Skarbowy w Bystrzycy Kłodzkiej,57-500,Bystrzyca Kłodzka,Adama Mickiewicza 5,(74) 811-79-50,(74) 811-11-27,us0203@ds.mofnet.gov.pl,0203
Urząd Skarbowy w  Dzierżoniowie,58-200,Dzierżoniów,Pocztowa 14,(74) 831-63-16,(74) 831-49-19,us0204@ds.mofnet.gov.pl,0204
Urząd Skarbowy w Głogowie,67-200,Głogów,Adama Mickiewicza 53,(76) 727-24-00,(76) 727-24-01,us0205@ds.mofnet.gov.pl,0205
Urząd skarbowy w Górze,56-200,Góra,Poznańska 4,(65) 544-18-71,(65) 544-18-76,us0233@ds.mofnet.gov.pl,0233
Urząd Skarbowy w Jaworze,59-400,Jawor,Jurija Gagarina 5,(76) 871-72-00,(76) 870-62-24,us0206@ds.mofnet.gov.pl,0206
Urząd Skarbowy w  Jeleniej Górze,58-500,Jelenia Góra,Wolności 121,(75) 647-35-00,(75) 647-35-37,us0207@ds.mofnet.gov.pl,0207
Urząd Skarbowy w Kamiennej Górze,58-400,Kamienna Góra,Papieża Jana Pawła II 18,(75) 744-93-60,(75) 744-93-92,us0208@ds.mofnet.gov.pl,0208
Urząd Skarbowy w  Kłodzku,57-300,Kłodzko,Walasiewiczówny 1,(74) 647-43-00,(74) 647-43-70,us0209@ds.mofnet.gov.pl,0209
Urząd Skarbowy w Legnicy,59-220,Legnica,Najświętszej Marii Panny 3,(76) 851-15-11,(76) 851-15-01,us0210@ds.mofnet.gov.pl,0210
Urząd Skarbowy w Lubaniu,59-800,Lubań,Stara 1,(75) 722-91-00,(75) 722-91-01,us0211@ds.mofnet.gov.pl,0211
Urząd Skarbowy w Lubinie ,59-300,Lubin,Marii Skłodowskiej Curie 94,(76) 746-11-00,(76) 847-84-70,us0212@ds.mofnet.gov.pl,0212
Urząd Skarbowy w Lwówku Śląskim,59-600,Lwówek Śląski,Budowlanych 1,(75) 782-03-00,(75) 782-02-99,us0213@ds.mofnet.gov.pl,0213
Urząd Skarbowy w Miliczu,56-300,Milicz,Składowa 2,(71) 380-51-00,(71) 380-51-10,us0214@ds.mofnet.gov.pl,0214
Urząd Skarbowy w  Nowej Rudzie,57-400,Nowa Ruda,Kolejowa 23,(74) 872-02-00,(74) 872-25-06,us0215@ds.mofnet.gov.pl,0215
Urząd Skarbowy w Oleśnicy,56-400,Oleśnica,Lwowska 34-38,(71) 314-90-05,(71) 314-97-73,us0216@ds.mofnet.gov.pl,0216
Urząd Skarbowy w Oławie ,55-200,Oława,Lwowska 1,(71) 303-94 -39,(71) 313-47-90,us0217@ds.mofnet.gov.pl,0217
Urząd Skarbowy w Polkowicach,59-100,Polkowice,Zachodnia 10,(76) 746-13-01,(76) 746-13-05,us0234@ds.mofnet.gov.pl,0234
Urząd Skarbowy w Strzelinie,57-100,Strzelin,Bolka I Świdnickiego 14,(71) 392-72-86,(71) 392-72-88,us0218@ds.mofnet.gov.pl,0218
Urząd Skarbowy w Środzie Śląskiej,55-300,Środa Śląska,Oławska 5A ,(71) 317-25-45,(71) 317-39-80,us0219@ds.mofnet.gov.pl,0219
Urząd Skarbowy w Świdnicy,58-100,Świdnica,Marii Skłodowskiej Curie 1-3,(74) 856-14-00,(74) 856-14-90,us0220@ds.mofnet.gov.pl,0220
Urząd Skarbowy w Trzebnicy,55-100,Trzebnica,Prusicka 2,(71) 388-72-00,(71) 387-10-35,us0221@ds.mofnet.gov.pl,0221
Urząd Skarbowy w  Wałbrzychu,58-306,Wałbrzych,Uczniowska 21,(74) 664-33-00,(74) 841-13-01,us0222@ds.mofnet.gov.pl,0222
Urząd Skarbowy w Wołowie,56-100,Wołów,Tadeusza Kościuszki 17,(71) 389-24-40,(71) 389-19-41,us0223@ds.mofnet.gov.pl,0223
Urząd Skarbowy Wrocław - Fabryczna,53-238,Wrocław ,Ostrowskiego 5,(71) 797-73-00,(71) 797-56-03,us0224@ds.mofnet.gov.pl,0224
Urząd Skarbowy Wrocław - Krzyki,53-310,Wrocław,Sztabowa 100,(71) 79 85 201,(71) 373-22-17,us0225@ds.mofnet.gov.pl,0225
Urząd Skarbowy Wrocław - Psie Pole,50-231,Wrocław,Trzebnicka 33,(71) 326-52-00,(71) 329-17-86,us0226@ds.mofnet.gov.pl,0226
Urząd Skarbowy Wrocław - Stare Miasto,53-654,Wrocław,Inowrocławska 4,(71) 786-67-00,(71) 786-67-50,us0227@ds.mofnet.gov.pl,0227
Urząd Skarbowy Wrocław - Śródmieście,50-044,Wrocław,Marszałka Józefa Piłsudskiego 27-29,(71) 343-53-76,(71) 344-55-56,us0228@ds.mofnet.gov.pl,0228
Pierwszy Urząd Skarbowy we Wrocławiu ,50-515,Wrocław,Ks. Czesława Klimasa 34,(71) 795-05-00,(71) 795-05-02,us0229@ds.mofnet.gov.pl,0229
Urząd Skarbowy w  Ząbkowicach Śląskich,57-200,Ząbkowice Śląskie,Ludwika Waryńskiego 2a,(74) 815-13-82,(74) 815-52-94,us0230@ds.mofnet.gov.pl,0230
Urząd Skarbowy w Zgorzelcu,59-900,Zgorzelec,Bohaterów II Armii Wojska Polskiego 8b,(75) 649-48-00,(75) 649-29-00,us0231@ds.mofnet.gov.pl,0231
Urząd Skarbowy w Złotoryi,59-500,Złotoryja,Rynek 42,(76) 878-35-09,(76) 878-32-28,us0232@ds.mofnet.gov.pl,0232
Izba Skarbowa w Bydgoszczy,85-950,Bydgoszcz,Dr. Emila Warmińskiego 18,(52) 585-61-00,(52) 584-29-90,is@kp.mofnet.gov.pl,0401
Biuro Krajowej Informacji Podatkowej w Toruniu,87-100,Toruń,Św. Jakuba 20 ,(56) 669-90-00 ,(56) 669-90-02,bkip@kp.mofnet.gov.pl,
Kujawsko-Pomorski Urząd Skarbowy w Bydgoszczy,85-236,Bydgoszcz,Grunwaldzka 50,(52) 583-84-00,(52) 583-84-06,us0471@kp.mofnet.gov.pl,0471
Urząd Skarbowy w Aleksandrowie Kujawskim ,87-700,Aleksandrów Kujawski ,Kościelna 18,(54) 282-46-14; (54) 282-21-92,(54) 282-48-00,us0402@kp.mofnet.gov.pl,0402
Urząd Skarbowy w Brodnicy,87-300,Brodnica,Gen. Władysława Sikorskiego 19,(56) 495-47-11,(56) 495-47-29,us0403@kp.mofnet.gov.pl,0403
Pierwszy Urząd Skarbowy w Bydgoszczy,85-950,Bydgoszcz,Fordońska 77,(52) 56-17-000,(52) 56-17-864; (52) 58-48-274,us0404@kp.mofnet.gov.pl,0404
Drugi Urząd Skarbowy w Bydgoszczy,85-822,Bydgoszcz,Wojska Polskiego 20B,(52) 363-33-66,(52) 372-79-52 ,us0405@kp.mofnet.gov.pl,0405
Trzeci Urząd Skarbowy w Bydgoszczy,85-032,Bydgoszcz,Tadeusza Rejtana 5,(52) 339-74-00,(52) 339-75-00,us0406@kp.mofnet.gov.pl,0406
Urząd Skarbowy w Chełmnie,86-200,Chełmno,Grudziądzka 6,(56) 677-05-11,(56) 677-05-10,us0407@kp.mofnet.gov.pl,0407
Urząd Skarbowy w Golubiu-Dobrzyniu,87-400,Golub-Dobrzyń,Dr. Jerzego Gerarda Koppa 1A,(56) 491-80-20,(56) 491-80-49,us0422@kp.mofnet.gov.pl,0422
Urząd Skarbowy w Grudziądzu,86-300,Grudziądz,Droga Łąkowa 23,(56) 643-33-30,(56) 643-33-35,us0408@kp.mofnet.gov.pl ,0408
Urząd Skarbowy w Inowrocławiu,88-100,Inowrocław,al. Niepodległości 5,(52) 587-60-00,(52) 587-60-01,us0409@kp.mofnet.gov.pl,0409
Urząd Skarbowy w Lipnie,87-600,Lipno,Stanisława Staszica 4,(54) 287-28-32; (54) 287-25-75,(54) 287-28-46,us0410@kp.mofnet.gov.pl,0410
Urząd Skarbowy w Mogilnie,88-300,Mogilno,900-lecia 20,(52) 568-27-27,(52) 568-27-99,us0411@kp.mofnet.gov.pl,0411
Urząd Skarbowy w Nakle nad Notecią,89-100,Nakło n. Notecią,Sądowa 8,(52) 386-92-22; (52) 386-92-11 Nacz.,(52) 386-92-88,US0412@kp.mofnet gov.pl,0412
Urząd Skarbowy w Radziejowie,88-200,Radziejów,Rolnicza 6,(54) 285-36-75,(54) 285-22-88,us0413@kp.mofnet.gov.pl,0413
Urząd Skarbowy w Rypinie,87-500,Rypin,Dojazdowa 10,(54) 280-45-10,(54) 280-26-38,us0414@kp.mofnet.gov.pl,0414
Urząd Skarbowy w Sępólnie Krajeńskim,89-400,Sępólno Krajeńskie,Tadeusza Kościuszki 22,(52) 388-83-10,(52) 388-83-23,us0423@kp.mofnet.gov.pl,0423
Urząd Skarbowy w Świeciu ,86-100,Świecie,10 Lutego 16,(52) 332-44-49 do 53,(52) 332-45-50,us0415@kp.mofnet.gov.pl,0415
Pierwszy Urząd Skarbowy w Toruniu,87-100,Toruń,Szosa Chełmińska 34/36,(056) 610-91-00,(56) 610-91-11,us0416@kp.mofnet.gov.pl,0416
Drugi Urząd Skarbowy w Toruniu,87-100,Toruń,Mazowiecka 63/65,(56) 611-60-01,(56) 611-60-31,us0417@kp.mofnet.gov.pl,0417
Urząd Skarbowy w Tucholi,89-500,Tuchola,Plac Zamkowy 4,(52) 336-33-00,(52) 336-33-27,us418@kp.mofnet.gov.pl,0418
Urząd Skarbowy w Wąbrzeźnie,87-200,Wąbrzeźno,Macieja Rataja 2,(56) 687-17-77,(56) 687-17-78,us0419@kp.mofnet.gov.pl,0419
Urząd Skarbowy we Włocławku,87-800,Włocławek,Stefana Okrzei 72B,(54) 231-34-31,(54) 231-19-84,us0420@kp.mofnet.gov.pl,0420
Urząd Skarbowy w Żninie,88-400 ,Żnin,Klemensa Janickiego 18,(52) 30 30 400,(52) 30 31 345,us0421@kp.mofnet.gov.pl ,0421
Izba Skarbowa w Lublinie,20-883   ,Lublin           ,Tadeusza Szeligowskiego 24,(81) 452-23- 00 ,81) 452-23- 66,is@lb.mofnet.gov.pl      ,0601
Lubelski Urząd Skarbowy w Lublinie,20-883,Lublin,Tadeusza Szeligowskiego 24,(81) 452-25-00,(81) 452-25-04,us0671@lb.mofnet.gov.pl,0671
Urząd Skarbowy w Białej Podlaskiej,21-500,Biała Podlaska,Prosta 19,(83) 344-95-17,(83) 344-95-91,us0602@lb.mofnet.gov.pl,0602
Urząd Skarbowy w Biłgoraju,23-400,Biłgoraj,Tadeusza Kościuszki 78,(84) 686-87-00,(84) 686-87-01,us0603@lb.mofnet.gov.pl,0603
Urząd Skarbowy w Chełmie,22-100,Chełm,Obłońska 20a,(82) 565-24-49,(82) 564-33-31,us0604@lb.mofnet.gov.pl,0604
Urząd Skarbowy w Hrubieszowie,22-500,Hrubieszów,27 Wołyńskiej Dywizji Piechoty AK 11,(84) 696-63-88 do 90,(84) 696-63-65,us0605@lb.mofnet.gov.pl,0605
Urząd Skarbowy w Janowie Lubelskim,23-300,Janów Lubelski,Wojska Polskiego 32,(15) 872-53-00,(15) 872-24-66,us0606@lb.mofnet.gov.pl,0606
Urząd Skarbowy w Krasnymstawie,22-300,Krasnystaw,Rzeczna 5,(82) 576-25-94,(82) 576-50-41,us0607@lb.mofnet.gov.pl,0607
Urząd Skarbowy w Kraśniku,23-200,Kraśnik,Tadeusza Kościuszki 5,(81) 884-30-37,(81) 884-36-61,us0608@lb.mofnet.gov.pl,0608
Urząd Skarbowy w Lubartowie,21-100,Lubartów,Legionów 55,(81) 854-13-49,(81) 854-13-62,us0609@lb.mofnet.gov.pl,0609
Pierwszy Urząd Skarbowy w Lublinie,20-027,Lublin,Sądowa 5,(81) 464-23-10,(81) 464-23-12,us0610@lb.mofnet.gov.pl,0610
Drugi Urząd Skarbowy w Lublinie,20-883,Lublin,Tadeusza Szeligowskiego 24,(81) 452-24-00,(81) 452-24-04,us0611@lb.mofnet.gov.pl,0611
Trzeci Urząd Skarbowy w Lublinie,20-016,Lublin,Prezydenta Gabriela Narutowicza 56,(81) 535-04-77,(81) 535-04-53,us0612@lb.mofnet.gov.pl,0612
Urząd Skarbowy w Łęcznej,21-010,Łęczna,Jana Pawła II 95,(81) 752-36-21,(81) 752-36-26,us0621@lb.mofnet.gov.pl,0621
Urząd Skarbowy w Łukowie,21-400,Łuków,Międzyrzecka 72a,(25) 798-29-21,(25) 798-29-21 w. 24,us0613@lb.mofnet.gov.pl,0613
Urząd Skarbowy w Opolu Lubelskim,24-300,Opole Lubelskie,Józefa Piłsudskiego 12,(81) 827-21-41,(81) 827-20-86,us0614@lb.mofnet.gov.pl,0614
Urząd Skarbowy w Parczewie,21-200,Parczew,Żabia 2a,(83) 354-10-71,(83) 354-39-30,us0615@lb.mofnet.gov.pl,0615
Urząd Skarbowy w Puławach,24-100,Puławy,Władysława Grabskiego 4,(81) 887-96-41,(81) 888-44-77,us0616@lb.mofnet.gov.pl,0616
Urząd Skarbowy w Radzyniu Podlaskim,21-300,Radzyń Podlaski,Lubelska 1,(83) 352-11-09,(83) 352-11-09,us0617@lb.mofnet.gov.pl,0617
Urząd Skarbowy w Rykach,08-500,Ryki,Leona Wyczółkowskiego 10a,(81) 865-63-82,(81) 865-44-30,us0622@lb.mofnet.gov.pl,0622
Urząd Skarbowy w Tomaszowie Lubelskim,22-600,Tomaszów Lubelski,Rolnicza 17,(84) 666-01-16,(84) 666-01-11,us0618@lb.mofnet.gov.pl,0618
Urząd Skarbowy we Włodawie,22-200,Włodawa,Rynek 9,(82) 572-44-00,(82) 572-39-00,us0619@lb.mofnet.gov.pl,0619
Urząd Skarbowy w Zamościu,22-400,Zamość,Jana Kilińskiego 82,(84) 677-63-00,(84) 638-32-23,us0620@lb.mofnet.gov.pl,0620
Izba Skarbowa w Zielonej Górze,65-454,Zielona Góra,Gen. Władysława Sikorskiego 2,(68) 456-07-00,(68) 456-07-01,is@lu.mofnet.gov.pl,0801
Lubuski Urząd Skarbowy w Zielonej Górze,65-054,Zielona Góra,Dr. Pieniężnego 24,(68) 456-09-00,(68) 456-09-01,us871@lu.mofnet.gov.pl,0871
Urząd Skarbowy w Drezdenku,66-530,Drezdenko,Pierwszej Brygady 21,(95) 763-73-00,(95) 763-73-02,us812@lu.mofnet.gov.pl,0812
Urząd Skarbowy w Gorzowie Wlkp.,66-400,Gorzów Wlkp.,Jagiellończyka 10,(95) 711-57-42,(95)711-59-05,us802@lu.mofnet.gov.pl,0802
Urząd Skarbowy w Krośnie Odrz.,66-600,Krosno Odrzańskie,Obrońców Stalingradu 3,(68) 383-53-17,(68) 383-57-28,us803@lu.mofnet.gov.pl,0803
Urząd Skarbowy w Międzyrzeczu,66-300,Międzyrzecz,Rynek 3,(95) 742-35-00,(95) 742-35-01,us804@lu.mofnet.gov.pl,0804
Urząd Skarbowy w Nowej Soli,67-100,Nowa Sól,Stanisława Staszica 1,(68) 456-03-10,(68) 456-03-01,us805@lu.mofnet.gov.pl,0805
Urząd Skarbowy w Słubicach,69-100,Słubice,Wojska Polskiego 155,(95) 750-15-00/11,(95) 758-26-62,us806@lu.mofnet.gov.pl,0806
Urząd Skarbowy w Sulęcinie,69-200,Sulęcin,Daszyńskiego 47,(95) 756-00-11,(95) 755-22-24,us813@lu.mofnet.gov.pl,0813
Urząd Skarbowy w Świebodzinie,66-200,Świebodzin,Jana III Sobieskiego 6,(68) 456-06-00,(68) 456-06-01,us807@lu.mofnet.gov.pl,0807
Urząd Skarbowy we Wschowie,67-400,Wschowa,Zielony Rynek 7,(65) 540-80-60,(65) 540-80-61,us814@lu.mofnet.gov.pl,0814
Pierwszy Urząd Skarbowy w Zielonej Górze,65-054,Zielona Góra,Dr. Pieniężnego 24,(68) 456-01-00,(68) 456-01-01,us808@lu.mofnet.gov.pl,0808
Drugi Urząd Skarbowy w Zielonej Górze,65-054,Zielona Góra,Dr. Pieniężnego 24,(68) 456-02-00,(68) 456-02-01,us809@lu.mofnet.gov.pl,0809
Urząd Skarbowy w Żaganiu,68-100,Żagań,X- Lecia 26,(68) 456-04-10,(68) 456-04-01,us810@lu.mofnet.gov.pl,0810
Urząd Skarbowy w Żarach,68-200,Żary,Osadników Wojskowych 3-4,(68) 456-05-00,(68) 456-05-01,us811@lu.mofnet.gov.pl,0811
Izba Skarbowa w Łodzi,90-436,Łódź,Aleja Kościuszki 83,(42) 254-70-00,(42) 254-71-01,is1001@ld.mofnet.gov.pl,1001
Biuro Krajowej Informacji Podatkowej w Piotrkowie Trybunalskim,97-300,Piotrków Trybunalski,Wronia 65,(44) 645-01-51,(44) 649-76-94,,
Łódzki Urząd Skarbowy,90-436,Łódź,Aleja Kościuszki 85,(42) 253-05-00,(42) 253-05-05,us1071@ld.mofnet.gov.pl,1071
Urząd Skarbowy w Bełchatowie,97-400,Bełchatów,Józefa Piłsudskiego 18,(44) 632-49-86,(44) 632-30-63,us1002@ld.mofnet.gov.pl,1002
Urząd Skarbowy w Brzezinach,95-060,Brzeziny,Sienkiewicza 16,(46) 874-30-11,(46) 874-21-77,us1003@ld.mofnet.gov.pl,1003
Urząd Skarbowy w Głownie,95-015,Głowno,Ludwika Norblina 2,(42) 719-19-81,(42) 719-40-96,us1004@ld.mofnet.gov.pl,1004
Urząd Skarbowy w Kutnie,99-300,Kutno,Dr. Antoniego Troczewskiego 12,(24) 355-61-00,(24) 355-65-65,us1005@ld.mofnet.gov.pl,1005
"Urząd Skarbowy w Łasku",98-100,Łask,"9 Maja 31","(43) 671-13-00",,us1006@ld.mofnet.gov.pl,1006,,,,,,,
Urząd Skarbowy w Łęczycy,99-100,Łęczyca,al. Jana Pawła II 17,(24) 721-70-12,(24) 721-23-12,us1028@ld.mofnet.gov.pl,1028
Urząd Skarbowy w Łowiczu,99-400,Łowicz,Józefa Chełmońskiego 2,(46) 837-65-05,(46) 837-97-66,us1007@ld.mofnet.gov.pl,1007
Pierwszy Urząd Skarbowy Łódź - Bałuty,91-066,Łódź,Zachodnia 47,(42) 253-56-00,(42) 253-57-22,us1008@ld.mofnet.gov.pl,1008
Drugi Urząd Skarbowy Łódź - Bałuty,91-222,Łódź,Św. Teresy od Dzieciątka Jezus 105,(42) 253-40-00,(42) 253-42-50,us1009@ld.mofnet.gov.pl,1009
Pierwszy Urząd Skarbowy Łódź - Górna,93-578,Łódź,Gen. Walerego Wróblewskiego 10,(42)258-81-00,(42) 258-81-05,us1010@ld.mofnet.gov.pl,1010
Drugi Urząd Skarbowy Łódź - Górna,93-578,Łódź,Gen. Walerego Wróblewskiego 10,(42) 258-82-00,(42) 258-82-83,us1011@ld.mofnet.gov.pl,1011
Urząd Skarbowy Łódź - Polesie,90-646 ,Łódź,6 Sierpnia 84/86,(42) 254-60-00,(42) 254-62-51,us1012@ld.mofnet.gov.pl,1012
Urząd Skarbowy Łódź - Śródmieście,90-019,Łódź,Dowborczyków 9/11,(42 )253-06-00,(42) 253-07-03,us1013@ld.mofnet.gov.pl,1013
Urząd Skarbowy Łódź - Widzew,92-312,Łódź,Papiernicza 7,(42) 275-08-00,(42) 275-09-08,us1014@ld.mofnet.gov.pl,1014
Urząd Skarbowy w Opocznie,26-300,Opoczno,Piotrkowska 14,(44) 755-31-01,(44) 755-24-45,us1015@ld.mofnet.gov.pl,1015
Urząd Skarbowy w Pabianicach,95-200,Pabianice,Zamkowa 26,(42) 27-04-100,(42) 27-04-103,us1016@ld.mofnet.gov.pl,1016
Urząd Skarbowy w Pajęcznie,98-330,Pajęczno,1 Maja 9,(34) 311-39-60,(34) 311-33-55,us1029@ld.mofnet.gov.pl,1029
Urząd Skarbowy w Piotrkowie Trybunalskim,97-300,Piotrków Trybunalski,Wronia 65,(44) 645-01-00,(44) 649-90-36,us1017@ld.mofnet.gov.pl,1017
Urząd Skarbowy w Poddębicach,99-200,Poddębice,Narutowicza 12,(43) 678-77-00,(43) 678-77-01,us1018@ld.mofnet.gov.pl,1018
Urząd Skarbowy w Radomsku,97-500,Radomsko,Mickiewicza 4,(44) 685-49-00,(44) 685-49-74,us1019@ld.mofnet.gov.pl,1019
Urząd Skarbowy w Rawie Mazowieckiej,96-200,Rawa Mazowiecka,Juliusza Słowackiego 4,(46) 814-47-46,(46) 814-47-44,us1020@ld.mofnet.gov.pl,1020
Urząd Skarbowy w Sieradzu,98-200,Sieradz,Spółdzielcza 3,(43) 826-56-00,(43) 826-56-99,us1021@ld.mofnet.gov.pl,1021
Urząd Skarbowy w Skierniewicach,96-100,Skierniewice,Nowobielańska 61b,(46) 834-63-00,(46) 834-63-94,us1022@ld.mofnet.gov.pl,1022
Urząd Skarbowy w Tomaszowie Mazowieckim,97-200,Tomaszów Mazowiecki,Józefa Montwiłła Mireckiego 37,(44) 725-60-00,(44) 724-23-26,us1023@ld.mofnet.gov.pl,1023
Urząd Skarbowy w Wieluniu,98-300 ,Wieluń,Krakowskie Przedmieście 34,(43) 843-91-36,(43) 843-91-59,us1024@ld.mofnet.gov.pl,1024
Urząd Skarbowy w Wieruszowie,98-400,Wieruszów,Rynek 12/13,(62) 783-19-71,(62) 78-31-978,us1027@ld.mofnet.gov.pl,1027
Urząd Skarbowy w Zduńskiej Woli,98-220,Zduńska Wola,Zielona 15,(43) 824-19-00,(43) 824-19-40,us1025@ld.mofnet.gov.pl,1025
Urząd Skarbowy w Zgierzu,95-100 ,Zgierz,ks. Jerzego Popiełuszki 8,(42) 270-10-00,(42) 270-10-01,us1026@ld.mofnet.gov.pl,1026
Izba Skarbowa w Krakowie,31-007,Kraków,Wiślna 7,(12) 255-73-00,(12) 422-43-86,is@mp.mofnet.gov.pl,1201
Małopolski Urząd Skarbowy,31-621,Kraków,Bohaterów Września 80,(12) 681-70-00,(12) 647-70-56,mus@mp.mofnet.gov.pl,1271
Urząd Skarbowy w Bochni,32-700,Bochnia,Gołębia 3,(14) 615-26-00 ,(14) 615-26-53 ,us1202@mp.mofnet.gov.pl ,1202
Urząd Skarbowy w Brzesku,32-800,Brzesko,Królowej Jadwigi 16,(14) 663-28-23,(14) 663-08-42,us1203@mp.mofnet.gov.pl,1203
Urząd Skarbowy w Chrzanowie,32-500,Chrzanów,Garncarska 9,(32) 625-71-00,(32) 627-62-62,us1204@mp.mofnet.gov.pl,1204
Urząd Skarbowy w Dąbrowie Tarnowskiej,33-200,Dąbrowa Tarnowska,Berka Joselewicza 5,(14) 642-20-31,(14) 642-55-31,us1205@mp.mofnet.gov.pl ,1205
Urząd Skarbowy w Gorlicach,38-300,Gorlice,Bardiowska 9,(18) 545-02-00,(18) 545-02-05,us1206@mp.mofnet.gov.pl,1206
Pierwszy Urząd Skarbowy Kraków,30-363,Kraków,Rzemieślnicza 20,(12) 384-60-00,(12) 384-63-00 ,us1207@mp.mofnet.gov.pl ,1207
Drugi Urząd Skarbowy Kraków,31-272,Kraków,Krowoderskich Zuchów 2,(12) 665-60-00,(12) 631-54-50,us1228@mp.mofnet.gov.pl,1228
Urząd Skarbowy Kraków - Krowodrza,31-272,Kraków,Krowoderskich Zuchów 2,(12) 665-60-00,(12) 665-61-36,us1208@mp.mofnet.gov.pl,1208
Urząd Skarbowy Kraków - Nowa Huta,31-621,Kraków,Bohaterów Września 80,(12) 681-70-00 ,(12) 647-92-22 ,us1209@mp.mofnet.gov.pl ,1209
Urząd Skarbowy Kraków - Podgórze,30-415,Kraków,Wadowicka 10,(12) 254-70-00,(12) 267-40-91,us1210@mp.mofnet.gov.pl,1210
Urząd Skarbowy Kraków - Prądnik,31-272,Kraków,Krowoderskich Zuchów 2,(12) 665-60-00,(12) 665-67-51,us1211@mp.mofnet.gov.pl,1211
Urząd Skarbowy Kraków - Stare Miasto,31-001,Kraków,Grodzka 65,(12) 293-81-00,(12) 293-82-66,us1212@mp.mofnet.gov.pl,1212
Urząd Skarbowy Kraków - Śródmieście,31-272,Kraków,Krowoderskich Zuchów 2,12-665-60-00,(12) 634-34-24,us1213@mp.mofnet.gov.pl ,1213
Urząd Skarbowy w Limanowej,34-600,Limanowa,Matki Boskiej Bolesnej 9,(18) 337-93-00,(18) 337-93-08,us1214@mp.mofnet.gov.pl ,1214
Urząd Skarbowy w Miechowie,32-200,Miechów,Stanisławy Daneckiej 1,(41) 382-23-00,(41) 382-23-41,us1215@mp.mofnet.gov.pl,1215
Urząd Skarbowy w Myślenicach,32-400,Myślenice,Hipolita Cegielskiego 2,(12) 274-24-20,(12) 272-41-11,us1216@mp.mofnet.gov.pl,1216
Urząd Skarbowy w Nowym Sączu,33-300 ,Nowy Sącz,Władysława Barbackiego 10 ,(18) 547-38-08,(18) 547-38-01,us1217@mp.mofnet.gov.pl,1217
Urząd Skarbowy w Nowym Targu,34-400,Nowy Targ,Parkowa 13,(18) 263-04-00,(18) 266-29-33,us1218@mp.mofnet.gov.pl,1218
Urząd Skarbowy w Olkuszu,32-300,Olkusz,Budowlanych 2,(32) 645-02-20,(32) 641-38-14,us1219@mp.mofnet.gov.pl,1219
Urząd Skarbowy w Oświęcimiu,32-600,Oświęcim,Plebańska 2,(33) 846-64-40,(33) 846-64-41,us1220@mp.mofnet.gov.pl,1220
Urząd Skarbowy w Proszowicach,32-100,Proszowice,Mikołaja Reja 1,(12) 386-13-10,(12) 386-10-03,us1221@mp.mofnet.gov.pl,1221
Urząd Skarbowy w Suchej Beskidzkiej,34-200,Sucha Beskidzka,Adama Mickiewicza 36,(33) 874-45-01,(33) 874-35-29,us1222@mp.mofnet.gov.pl,1222
Pierwszy Urząd Skarbowy w Tarnowie,33-100,Tarnów,Lwowska 72-96a,(14) 630-23-00,(14) 630-23-10,us1223@mp.mofnet.gov.pl,1223
Drugi Urząd Skarbowy w Tarnowie ,33-100,Tarnów,Solidarności 5-9B,(14) 632-82-00,(14) 632-82-22,us1224@mp.mofnet.gov.pl,1224
Urząd Skarbowy w Wadowicach,34-100,Wadowice,Legionów 22,(33) 872-39-00,(33) 873-26-10,us1225@mp.mofnet.gov.pl,1225
Urząd Skarbowy w Wieliczce,32-020,Wieliczka,Zamkowa 2,(12) 279-85-00,(12) 279-86-66,us1226@mp.mofnet.gov.pl,1226
Urząd Skarbowy w Zakopanem,34-500,Zakopane,Szymony 14,(18) 202-15-00,(18) 202-15-83,us1227@mp.mofnet.gov.pl,1227
Izba Skarbowa w Warszawie,01-513,Warszawa,Alojzego Felińskiego 2B,(22) 561-80-00 ,(22) 561-80-93,is@mz.mofnet.gov.pl,1401
Biuro Krajowej Informacji Podatkowej w Płocku,09-402,Płock,1 Maja 10,(24) 262-54-07,(24) 262-93-19,bkip.plock@mz.mofnet.gov.pl,
Pierwszy Mazowiecki Urząd Skarbowy,01-513,Warszawa,Alojzego Felińskiego 2B,(22) 568-92-00 ,(22) 568-93-01,us1471@mz.mofnet.gov.pl,1471
Drugi Mazowiecki Urząd Skarbowy,00-193,Warszawa,Stawki 2,(22) 860-71-17,(22) 860-71-05  ,us1472@mz.mofnet.gov.pl,1472
Trzeci Mazowiecki Urząd Skarbowy,26-610,Radom,Andrzeja Struga 26/28,(48) 362-95-21,(48) 363-11-50,us1473@mz.mofnet.gov.pl,1473
Urząd Skarbowy w Białobrzegach,26-800,Białobrzegi,Władysława Reymonta 46,(48) 613-29-92,(48) 613-28-92,us1402@mz.mofnet.gov.pl,1402
Urząd Skarbowy w Ciechanowie,06-400,Ciechanów,Warszawska 58,(23) 672-35-38,(23) 672-35-38,us1403@mz.mofnet.gov.pl,1403
Urząd Skarbowy w Garwolinie,08-400,Garwolin,Senatorska 30,(25) 682-39-30,(25) 682-38-28,us1404@mz.mofnet.gov.pl,1404
Urząd Skarbowy w Gostyninie,09-500,Gostynin,Płocka 10,(24) 235-89-74,(24) 235-69-51,us1405@mz.mofnet.gov.pl,1405
Urząd Skarbowy w Grodzisku Mazowieckim,05-825,Grodzisk Mazowiecki,Daleka 11,(22) 770-61-61,(22) 770-61-60,us1406@mz.mofnet.gov.pl,1406
Urząd Skarbowy w Grójcu,05-600,Grójec,Ks. Piotra Skargi 35,(48) 665-09-00,(48) 665-09-03,us1407@mz.mofnet.gov.pl,1407
Urząd Skarbowy w Kozienicach,26-900,Kozienice,Parkowa 5,(48) 611-24-05,(48) 614-28-33,us1408@mz.mofnet.gov.pl,1408
Urząd Skarbowy w Legionowie,05-120,Legionowo,Józefa Piłsudskiego 43c,(22) 768-66-00,(22) 768-66-66,us1409@mz.mofnet.gov.pl,1409
Urząd Skarbowy w Lipsku,27-300,Lipsko,Solecka 88,(48) 378-13-36,(48) 378-13-37,us1447@mz.mofnet.gov.pl,1447
Urząd Skarbowy w Łosicach,08-200,Łosice,11 Listopada 1,(83) 359-00-32,(83) 357-34-41,us1410@mz.mofnet.gov.pl,1410
Urząd Skarbowy w Makowie Mazowieckim,06-200,Maków Mazowiecki,Kopernika 6C,(29) 717-09-00,(29) 717-18-55,us1411@mz.mofnet.gov.pl,1411
Urząd Skarbowy w Mińsku Mazowieckim,05-300,Mińsk Mazowiecki,Szczecińska 2,(25) 759-51-00,(25) 758-28-52,us1412@mz.mofnet.gov.pl,1412
Urząd Skarbowy w Mławie,06-500,Mława,Gabriela Narutowicza 19/7,(23) 654-34-98,(23) 655-14-38,us1413@mz.mofnet.gov.pl,1413
Urząd Skarbowy w Nowym Dworze Mazowieckim,05-100,Nowy Dwór Mazowiecki,Legionów 7,(22) 765-90-40,(22) 765-90-99,us1414@mz.mofnet.gov.pl,1414
Urząd Skarbowy w Ostrołęce,07-400,Ostrołęka,Przechodnia 6,(29) 746-41-00,(29) 746-41-03,us1415@mz.mofnet.gov.pl,1415
Urząd Skarbowy w Ostrowi Mazowieckiej,07-300,Ostrów Mazowiecka,Stanisława Duboisa 1,(29) 645-20-00,(29) 645-20-01,us1416@mz.mofnet.gov.pl,1416
Urząd Skarbowy w Otwocku,05-400,Otwock,Jana Matejki 4,(22) 778-23-01,(22) 778-23-08,us1417@mz.mofnet.gov.pl,1417
Urząd Skarbowy w Piasecznie,05-500,Piaseczno,Energetyczna 5,(22) 726-67-00,(22) 726-68-54,us1418@mz.mofnet.gov.pl,1418
Urząd Skarbowy w Płocku,09-402,Płock,1 Maja 10,(24) 361-65-00,(24) 361-65-45,us1419@mz.mofnet.gov.pl,1419
Urząd Skarbowy w Płońsku,09-100,Płońsk,Spółdzielcza 2,(23) 662-04-00,(23) 662-93-00,us1420@mz.mofnet.gov.pl,1420
Urząd Skarbowy w Pruszkowie,05-800,Pruszków,Stanisława Staszica 1,(22) 738-09-00,(22) 738-07-76,us1421@mz.mofnet.gov.pl,1421
Urząd Skarbowy w Przasnyszu,06-300,Przasnysz,Świerkowa 3,(29) 752-26-62,(29) 752-26-62,us1422@mz.mofnet.gov.pl,1422
Urząd Skarbowy w Przysusze,26-400,Przysucha,Szkolna 7,(48) 675-20-76,(48) 675-20-75,us1448@mz.mofnet.gov.pl,1448
Urząd Skarbowy w Pułtusku,06-100,Pułtusk,Żwirki i Wigury 7,(23) 692-94-03,(23) 692-13-34,us1423@mz.mofnet.gov.pl,1423
Pierwszy Urząd Skarbowy w Radomiu,26-615,Radom,Stanisława Zbrowskiego 106,(48) 368-14-00,(48) 368-14-98,us1424@mz.mofnet.gov.pl,1424
Drugi Urząd Skarbowy w Radomiu,26-600,Radom,Toruńska 3,(48) 385-31-00,(48) 331-84-48,us1425@mz.mofnet.gov.pl,1425
Urząd Skarbowy w Siedlcach,08-110,Siedlce,Józefa Piłsudskiego 68,(25) 632 87 20,(25) 633-15-25,us1426@mz.mofnet.gov.pl,1426
Urząd Skarbowy w Sierpcu,09-200,Sierpc,Piastowska 48,(24) 275-21-08,(24) 275-38-77,us1427@mz.mofnet.gov.pl,1427
Urząd Skarbowy w Sochaczewie,96-500,Sochaczew,Władysława Grabskiego 4,(46) 862-21-18,(46) 862-26-03,us1428@mz.mofnet.gov.pl,1428
Urząd Skarbowy w Sokołowie Podlaskim,08-300,Sokołów Podlaski,Węgrowska 5,(25) 781-27-61,"(25) 781-27-61 w.130
 ",us1429@mz.mofnet.gov.pl,1429
Urząd Skarbowy w Szydłowcu,26-500,Szydłowiec,Widok 6,(48) 617-00-81,(48) 617-14-54,us1430@mz.mofnet.gov.pl,1430
Urząd Skarbowy Warszawa - Bemowo,02-325,Warszawa,Białobrzeska 53a,(22) 570-88-00,(22) 570-88-60,us1431@mz.mofnet.gov.pl,1431
Urząd Skarbowy Warszawa - Bielany,01-844,Warszawa,Skalbmierska 5,(22) 569-32-00,(22) 56-93-375,us1432@mz.mofnet.gov.pl,1432
Urząd Skarbowy Warszawa - Mokotów,02-676,Warszawa,Postępu 16A,(22) 502-00-00,(22) 502-02-18,us1433@mz.mofnet.gov.pl,1433
Urząd Skarbowy Warszawa - Praga,03-719,Warszawa,Jagiellońska 15,(22) 509-18-00,(22) 509-19-90,us1434@mz.mofnet.gov.pl,1434
Pierwszy Urząd Skarbowy Warszawa - Śródmieście,02-013,Warszawa,Williama Lindleya 14,(22) 584-61-00,"(22) 584-61-90",us1435@mz.mofnet.gov.pl,1435
Drugi Urząd Skarbowy Warszawa - Śródmieście,03-719,Warszawa,Jagiellońska 15,(22) 511-35-00,(22) 511-35-02,us1436@mz.mofnet.gov.pl,1436
Trzeci Urząd Skarbowy Warszawa - Śródmieście,02-013,Warszawa,Williama Lindleya 14,(22) 584-51-00,(22) 625-50-06,us1449@mz.mofnet.gov.pl,1449
Urząd Skarbowy Warszawa - Targówek,03-482,Warszawa,Dąbrowszczaków 14,(22) 511-76-00,(22) 619-11-04,us1437@mz.mofnet.gov.pl,1437
Urząd Skarbowy Warszawa - Ursynów,02-677,Warszawa,Wynalazek 3,"(22) 548-68-00",(22) 548-67-00,us1438@mz.mofnet.gov.pl,1438
Urząd Skarbowy Warszawa - Wawer,04-379,Warszawa,Ludwika Mycielskiego 21,(22) 813-99-03,(22) 870-57-19,us1439@mz.mofnet.gov.pl,1439
Urząd Skarbowy Warszawa - Wola,01-381,Warszawa,Powstańców Śląskich 2D,(22) 533-66-00,(22) 533-66-15,us1440@mz.mofnet.gov.pl,1440
Urząd Skarbowy w Węgrowie,07-100,Węgrów,Kościelna 4,(25) 792-24-48,(25) 792-24-48 ,us1441@mz.mofnet.gov.pl,1441
Urząd Skarbowy w Wołominie ,05-200,Wołomin,Przejazd 2,(22) 787-75-82,(22) 776-40-60,us1442@mz.mofnet.gov.pl,1442
"Urząd Skarbowy w Wyszkowie",07-200,Wyszków,"Gen. Józefa Sowińskiego 82","(29) 743-02-41","(29) 742-34-22",us1443@mz.mofnet.gov.pl,1443,,,,,,,
Urząd Skarbowy w Zwoleniu,26-700,Zwoleń,Wojska Polskiego 39,(48) 676-35-43,(48) 6763543 wew.125,us1444@mz.mofnet.gov.pl,1444
Urząd Skarbowy w Żurominie,09-300,Żuromin,Plac Józefa Piłsudskiego 4,(23) 657-37-56 w.127,(23) 657-32-56,us1445@mz.mofnet.gov.pl,1445
Urząd Skarbowy w Żyrardowie,96-300,Żyrardów,1 Maja 49a,(46) 855-35-56,(46) 855-35-56 wew.115,us1446@mz.mofnet.gov.pl,1446
Izba Skarbowa w Opolu,45-057,Opole,Ozimska 19,(77) 454-00-67,(77) 456-43-13,is@op.mofnet.gov.pl ,1601
Opolski Urząd Skarbowy w Opolu,45-331,Opole,Tadeusza Rejtana 3A,(77) 442-06-53,(77) 442-05-20,us1671@op.mofnet.gov.pl ,1671
Urząd Skarbowy w Brzegu,49-305,Brzeg,Składowa 2,(77) 400-52-00,(77) 400-52-02,us1602@op.mofnet.gov.pl ,
Urząd Skarbowy w Głubczycach,48-100,Głubczyce,Fabryczna 2,(77) 485-30-52,(77) 485-24-37,us1603@op.mofnet.gov.pl ,
Urząd Skarbowy w Kędzierzynie-Koźlu,47-224,Kędzierzyn-Koźle,Piotra Skargi 19,(77) 406-17-00,(77) 406-17-11,us1604@op.mofnet.gov.pl,
Urząd Skarbowy w Kluczborku,46-200,Kluczbork,Sienkiewicza 22 A,(77) 425-06-00,(77) 425-06-01,us1605@op.mofnet.gov.pl,
Urząd Skarbowy w Krapkowicach,47-300,Krapkowice,Opolska 96 A,(77) 446-77-10,(77) 446-77-11,us1613@op.mofnet.gov.pl ,1613
Urząd Skarbowy w Namysłowie,46-100,Namysłów,Plac Wolności 1,(77) 419-09-80,(77) 410-20-46,us1606@op.mofnet.gov.pl,
Urząd Skarbowy w Nysie ,48-300,Nysa,Bolesława Krzywoustego 23,(77) 408-08-00,(77) 408-08-10,us1607@op.mofnet.gov.pl ,
Urząd Skarbowy w Oleśnie,46-300,Olesno,Jana Pieloka 21,(34) 350-44-82,(34) 358-24-59,us1608@op.mofnet.gov.pl,
Pierwszy Urząd Skarbowy w Opolu,45-331,Opole,Tadeusza Rejtana 3B,(77) 453-19-35,(77) 454-42-46,us1609@op.mofnet.gov.pl,
Drugi Urząd Skarbowy w Opolu,45-358,Opole,Cementowa 6,(77) 442-36-31,(77) 442-36-41,"us1610@op.mofnet,gov,pl ",
Urząd Skarbowy w Prudniku,48-200,Prudnik,Kopernika 1A,(77) 436-99-00,(77) 436-99-08,us1611@op.mofnet.gov.pl,
Urząd Skarbowy w Strzelcach Opolskich,47-100,Strzelce Opolskie,Opolska 13,(77) 461-28-29,(77) 461-28-29 w. 316,us1612@op.mofnet.gov.pl,
Izba Skarbowa w Rzeszowie,35-959,Rzeszów,Geodetów 1,(17) 850-36-00,(17) 852-11-30,is@pk.mofnet.gov.pl ,1801
Podkarpacki Urząd Skarbowy w Rzeszowie,35-959,Rzeszów,Geodetów 1,(17) 860-30-40; (17) 860-30-86,(17) 864-21-52,us1871@pk.mofnet.gov.pl,1871
Urząd Skarbowy w Brzozowie,36-200,Brzozów,Kazimierzowska 1,(13) 434-07-30,(13) 434-08-70,us1802@pk.mofnet.gov.pl,1802
Urząd Skarbowy w Dębicy,39-200,Dębica,Kolejowa 21,(14) 680-52-15,(14) 680-52-26,us1803@pk.mofnet.gov.pl,1803
Urząd Skarbowy w Jarosławiu,37-500,Jarosław,Przemysłowa 2a,(16) 624-67-55,(16) 624-67-87,us1804@pk.mofnet.gov.pl,1804
Urząd Skarbowy w Jaśle,38-200,Jasło,Stanisława Staszica 3,(13) 448-01-80; (13) 448-01-81,(13) 446-37-94,us1805@pk.mofnet.gov.pl,1805
Urząd Skarbowy w Kolbuszowej,36-100,Kolbuszowa,Tadeusza Kościuszki 20,(17) 227-06-50; (17) 227-13-68,(17) 227-26-33,us1806@pk.mofnet.gov.pl,1806
Urząd Skarbowy w Krośnie,38-400,Krosno,Składowa 5,(13) 437-35-05,(13) 437-35-08,us1807@pk.mofnet.gov.pl,1807
Urząd Skarbowy w Lesku,38-600,Lesko,Rynek 1,(13) 469-64-84,(13) 469-85-34,us1808@pk.mofnet.gov.pl,1808
Urząd Skarbowy w Leżajsku,37-300,Leżajsk,Plac Targowy 3,(17) 240-68-00,(17) 240-68-12,us1809@pk.mofnet.gov.pl,1809
Urząd Skarbowy w Lubaczowie,37-600,Lubaczów,Jana III Sobieskiego 6,(16) 632-93-00,(16) 632-27-85,us1810@pk.mofnet.gov.pl,1810
Urząd Skarbowy w Łańcucie,37-100,Łańcut,Józefa Piłsudskiego 11,(17) 225-93-00; (17) 225-73-00,(17) 225-23-55,us1811@pk.mofnet.gov.pl,1811
Urząd Skarbowy w Mielcu,39-300,Mielec,Stefana Żeromskiego 13,(017) 780-00-00,(17) 780-00-01,us1812@pk.mofnet.gov.pl,1812
Urząd Skarbowy w Nisku,37-400,Nisko,3 Maja 32 B,(15) 877-77-00; (15) 877-77-01,(15) 841-56-12,us1823@pk.mofnet.gov.pl,1823
Urząd Skarbowy w Przemyślu,37-700,Przemyśl,Lwowska 9A,(16) 675-26-00,(16) 678-81-48,us1813@pk.mofnet.gov.pl,1813
Urząd Skarbowy w Przeworsku,37-200,Przeworsk,Tysiąclecia 1,(16) 648-90-27,(16) 648-83-34,us1814@pk.mofnet.gov.pl,1814
Urząd Skarbowy w Ropczycach,39-100,Ropczyce,Św. Barbary 12,(17) 223-18-00,(17) 223-18-01,us1815@pk.mofnet.gov.pl,1815
Pierwszy Urząd Skarbowy w Rzeszowie,35-309,Rzeszów,Podwisłocze 42,(17) 852-52-77,(17) 852-66-08,us1816@pk.mofnet.gov.pl,1816
Drugi Urząd Skarbowy w Rzeszowie,35-234,Rzeszów,Lucjana Siemieńskiego 18,(17) 875-14-00,(17) 864-23-75,us1822@pk.mofnet.gov.pl,1822
Urząd Skarbowy w Sanoku,38-500,Sanok,Henryka Sienkiewicza 1,(13) 464-14-90,(13) 461-63-21,us1817@pk.mofnet.gov.pl,1817
Urząd Skarbowy w Stalowej Woli,37-450,Stalowa Wola,Metalowców 6,(15) 877-71-00,(15) 877-71-13,us1818@pk.mofnet.gov.pl,1818
Urząd Skarbowy w Strzyżowie,38-100,Strzyżów,Daszyńskiego 6,(17) 276-10-59,(17) 276-14-62,us1819@pk.mofnet.gov.pl,1819
Urząd Skarbowy w Tarnobrzegu,39-400,Tarnobrzeg,Stanisława Wyspiańskiego 12,(15) 851-43-00,(15) 851-43-72,us1820@pk.mofnet.gov.pl,1820
Urząd Skarbowy w Ustrzykach Dolnych,38-700,Ustrzyki Dolne,Mikołaja Kopernika 1,(13) 461-21-43; (13) 461-14-90,(13) 461-37-90,us1821@pk.mofnet.gov.pl ,1821
Izba Skarbowa w Białymstoku,15-026,Białystok,Słonimska 1,(85) 869-60-00,(85) 732-82-21,is@pd.mofnet.gov.pl,2001
Podlaski Urząd Skarbowy,15-404 ,Białystok,Młynowa 21A,(85) 878-87-80,(85) 878-87-02,us2071@pd.mofnet.gov.pl,2071
Urząd Skarbowy w Augustowie,16-300,Augustów,Żabia 7,(87) 643-57-55,(87) 643-00-33,us2002@pd.mofnet.gov.pl ,
Pierwszy Urząd Skarbowy w Białymstoku,15-219 ,Białystok,Świętojańska 13,(85) 878-41-00,(85) 878-41-01,us2003@pd.mofnet.gov.pl,
Drugi Urząd Skarbowy w Białymstoku,15-502 ,Białystok,Plażowa 17,(85) 878-51-00,(85) 741-34-89,us2004@pd.mofnet.gov.pl,
Urząd Skarbowy w Bielsku Podlaskim,17-100,Bielsk Podlaski,Adama Mickiewicza 33,(85) 730-11-01,(85) 730-11-00,us2005@pd.mofnet.gov.pl,
Urząd Skarbowy w Grajewie,19-200,Grajewo,Elewatorska 8,(86) 272-30-18,(86) 272-28-08,us2006@pd.mofnet.gov.pl,
Urząd Skarbowy w Hajnówce,17-200,Hajnówka,3 Maja 34,(85) 682-00-00,(85) 682-00-01,us2015@pd.mofnet.gov.pl,2015
Urząd Skarbowy w Kolnie,18-500,Kolno,Wojska Polskiego 20,(86) 278-91-80; (86) 278-91-81,(86) 278-19-72,us2007@pd.mofnet.gov.pl ,
Urząd Skarbowy w Łomży,18-400,Łomża,Polowa 47,(86) 216-52-21,(86) 216-23-63,us2008@pd.mofnet.gov.pl,
Urząd Skarbowy w Mońkach,19-100,Mońki,Ełcka 41a,(85) 727-99-30,(85) 727-99-50,us2009@pd.mofnet.gov.pl ,
Urząd Skarbowy w Siemiatyczach,17-300,Siemiatycze,Pałacowa 18,(85) 656-13-90,(85) 655-27-40,us2010@pd.mofnet.gov.pl,
Urząd Skarbowy w Sokółce,16-100,Sokółka,Białostocka 47,(85) 711-14-30,(85) 711-14-50,us2011@pd.mofnet.gov.pl,
Urząd Skarbowy w Suwałkach,16-400 ,Suwałki,1 Maja 2A,(87) 566-48-72,(87) 566-27-87,us2012@pd.mofnet.gov.pl ,
Urząd Skarbowy w Wysokiem Mazowieckiem,18-200,Wysokie Mazowieckie,Ludowa 21,(86) 275-74-00,(86) 275-74-39,us2013@pd.mofnet.gov.pl ,
Urząd Skarbowy w Zambrowie,18-300,Zambrów,Jantarowa 16,(86) 276-30-28,(86) 271-38-92,us2014@pd.mofnet.gov.pl ,
Izba Skarbowa w Gdańsku,80-831,Gdańsk,Długa 75/76,(58) 300-23-00,(58) 301-43-18,is@pm.mofnet.gov.pl,2201
Pomorski Urząd Skarbowy w Gdańsku,80-749,Gdańsk,Żytnia 4/6,(58) 690-59-38,(58) 690-59-57,us2271@pm.mofnet.gov.pl,2271
Urząd Skarbowy w Bytowie,77-100,Bytów,1 Maja 16,(59) 822-28-91,(59) 822-78-09,us2202@pm.mofnet.gov.pl,2202
Urząd Skarbowy w Chojnicach,89-600,Chojnice,Młyńska 22,(52) 396-54-00,(52) 396-54-48,us2203@pm.mofnet.gov.pl,2203
Urząd Skarbowy w Człuchowie,77-300,Człuchów,Jerzego z Dąbrowy 5 E,(59) 834-10-41 do 43,(59) 834-39-26,us2204@pm.mofnet.gov.pl,2204
Pierwszy Urząd Skarbowy w Gdańsku,80-822,Gdańsk,Rzeźnicka 54/56,(58) 321-23-00,(58) 321-23-01,us2205@pm.mofnet.gov.pl,2205
Drugi Urząd Skarbowy w Gdańsku,80-391,Gdańsk,Kołobrzeska 43,(58) 690-92-00,(58) 690-91-01,us2206@pm.mofnet.gov.pl,2206
Trzeci Urząd Skarbowy w Gdańsku,80-560,Gdańsk,Żaglowa 2,(58) 346-43-46,(58) 346-41-23,us2207@pm.mofnet.gov.pl,2207
Pierwszy Urząd Skarbowy w Gdyni,81-353,Gdynia,Władysława IV 2/4,(58) 690-22-00,(58) 690-23-00,us2208@pm.mofnet.gov.pl,2208
Drugi Urząd Skarbowy w Gdyni,81-061,Gdynia,Hutnicza 25,(58) 690-21-00 do 01,(58) 623-10-29,us2209@pm.mofnet.gov.pl,2209
Urząd Skarbowy w Kartuzach,83-300,Kartuzy,Kościerska 13,(58) 685-28-00,(58) 685-28-01,us2210@pm.mofnet.gov.pl,2210
Urząd Skarbowy w Kościerzynie,83-400,Kościerzyna,Staszica 6,(58) 680-89-00,(58) 686-40-97,us2211@pm.mofnet.gov.pl,2211
Urząd Skarbowy w Kwidzynie,82-500,Kwidzyn,3 Maja 6,(55) 279-26-47 do 49,(55) 279-59-82,us2212@pm.mofnet.gov.pl,
Urząd Skarbowy w Lęborku,84-300,Lębork,Słupska 23,(59) 863-76-00,(59) 863-76-01,us2213@pm.mofnet.gov.pl,
Urząd Skarbowy w Malborku,82-200,Malbork,Mikołaja Kopernika 10,(55) 270-22-22,(55) 270-22-44,us2214@pm.mofnet.gov.pl,2214
Urząd Skarbowy w Pruszczu Gdańskim,83-000,Pruszcz Gdański,Ignacego Łukasiewicza 2,(58) 773-16-25,(58) 773-16-26,us2221@pm.mofnet.gov.pl,2221
Urząd Skarbowy w Pucku,84-100,Puck,Kmdr. E. Szystowskiego 18,(58) 774 24 00,(58) 774 24 32,us2215@pm.mofnet.gov.pl,2215
Urząd Skarbowy w Słupsku,76-200,Słupsk,Szczecińska 59,(59) 845-39-00,(59) 845-29-57,us2216@pm.mofnet.gov.pl,2216
Urząd Skarbowy w Sopocie,81-808,Sopot,23 Marca 9/11,(58) 555-46-00,(58) 551-25-32,us2217@pm.mofnet.gov.pl,2217
Urząd Skarbowy w Starogardzie Gdańskim,83-200,Starogard Gdański,Lubichowska 4,(58) 562-56-71,(58) 562-56-50,us2218@pm.mofnet.gov.pl,2218
Urząd Skarbowy w Tczewie,83-100,Tczew,Gdańska 33,(58) 532-90-10,(58) 532-90-66,us2219@pm.mofnet.gov.pl,2219
Urząd Skarbowy w Wejherowie,84-200,Wejherowo,Jana III Sobieskiego 346,(58) 736-39-00,(58) 736-38-93,us2220@pm.mofnet.gov.pl,2220
Izba Skarbowa w Katowicach,40-022,Katowice,Ks. Konstantego Damrota 25,(32) 207-60-00,(32) 207-60-10,is@sl.mofnet.gov.pl,2401
Biuro Krajowej Informacji Podatkowej w Bielsku-Białej,43-300,Bielsko-Biała,Romualda Traugutta 2a,(33) 819-84-00,(33) 812-38-46,bkip@sl.mofnet.gov.pl,2461
Pierwszy Śląski Urząd Skarbowy w Sosnowcu,41-219,Sosnowiec,Braci Mieroszewskich 97,(32) 786-11-00,(32) 786-12-05,us2471@sl.mofnet.gov.pl,2471
Drugi Śląski Urząd Skarbowy w Bielsku-Białej,43-300,Bielsko-Biała,Warszawska 45,(33) 499-84-00,(33) 499-84-01,us2472@sl.mofnet.gov.pl,2472
Urząd Skarbowy w Będzinie,42-500,Będzin,I Armii Wojska Polskiego 1,(32) 762-77-00,(32) 762-77-06,us2402@sl.mofnet.gov.pl,
Pierwszy Urząd Skarbowy w Bielsku-Białej,43-300,Bielsko-Biała,Teodora Sixta 17,(33) 499-82-00,(33) 499-82-21,us2403@sl.mofnet.gov.pl,
Drugi Urząd Skarbowy w Bielsku-Białej,43-300,Bielsko-Biała,Gen. Stanisława Maczka 73,(33) 499-80-00,(33) 499-81-00,us2404@sl.mofnet.gov.pl,
Urząd Skarbowy w Bytomiu,41-902,Bytom,Wrocławska 92,(32) 281-00-81,(32) 389-60-08,us2405@sl.mofnet.gov.pl,
Urząd Skarbowy w Chorzowie,41-506,Chorzów,Armii Krajowej 5,(32) 349-73-11,(32) 246-47-43,us2406@sl.mofnet.gov.pl,
Urząd Skarbowy w Cieszynie,43-400,Cieszyn,Ignacego Kraszewskiego 4,(33) 852-63-00,(33) 852-63-30,us2407@sl.mofnet.gov.pl,
Urząd Skarbowy w Czechowicach-Dziedzicach,43-502,Czechowice-Dziedzice,Nad Białką 1a,(32) 215 23 70,(32) 215-38-98,us2408@sl.mofnet.gov.pl,
Pierwszy Urząd Skarbowy w Częstochowie,42-200,Częstochowa,Filomatów 18/20,(34) 329-01-00,(34) 325-57-70,us2409@sl.mofnet.gov.pl,
Drugi Urząd Skarbowy w Częstochowie,42-200,Częstochowa,Tkacka 3,(34) 378-61-00,(34) 361-95-02,us2410@sl.mofnet.gov.pl,
Urząd Skarbowy w Dąbrowie Górniczej,41-300,Dąbrowa Górnicza,Zygmunta Krasińskiego 33a,(32) 295-90-00,(32) 295-90-70,us2411@sl.mofnet.gov.pl,
Pierwszy Urząd Skarbowy w Gliwicach,44-100,Gliwice,Góry Chełmskiej 15,(32) 339-66-00,(32) 231-30-69,us2412@sl.mofnet.gov.pl,
Drugi Urząd Skarbowy w Gliwicach,44-100,Gliwice,Młodego Hutnika 2,(32) 339-98-00,(32) 270-40-17,us2413@sl.mofnet.gov.pl,
Urząd Skarbowy w Jastrzębiu-Zdroju,44-335,Jastrzębie-Zdrój,11 Listopada 13,(32) 476-14-71,(32) 476-38-03,us2414@sl.mofnet.gov.pl,
Urząd Skarbowy w Jaworznie,43-600,Jaworzno,Grunwaldzka 274,(32) 616-54-94,(32) 616-35-99,us2415@sl.mofnet.gov.pl,
Pierwszy Urząd Skarbowy w Katowicach,40-063,Katowice,Żwirki i Wigury 17,(32) 359 72 00,"(32) 251-46-44, (32) 251-46-35",us2416@sl.mofnet.gov.pl,
Drugi Urząd Skarbowy w Katowicach,40-282,Katowice,Ignacego Paderewskiego 32b,(32) 358-16-00,(32) 358 16 81,us2417@sl.mofnet.gov.pl,
Urząd Skarbowy w Kłobucku,42-100,Kłobuck,Rynek im Jana Pawła II 13,(34) 310-08-00,(34) 310 08 88,us2418@sl.mofnet.gov.pl,
Urząd Skarbowy w Lublińcu,42-700,Lubliniec,Ignacego Paderewskiego 7b,(34) 352-83-00,(34) 352-83-99,us2419@sl.mofnet.gov.pl,
Urząd Skarbowy w Mikołowie,43-190,Mikołów,Maksymiliana Hubera 4,(32) 324-61-00,(32) 226-08-51,us2420@sl.mofnet.gov.pl,
Urząd Skarbowy w Mysłowicach,41-400,Mysłowice,Adama Mickiewicza 4,(32) 317-23-00,(32) 317-24-50,us2421@sl.mofnet.gov.pl,
Urząd Skarbowy w Myszkowie,42-300,Myszków,Kazimierza Pułaskiego 68,(34) 315-15-00,(34) 313-18-49,us2422@sl.mofnet.gov.pl,
Urząd Skarbowy w Piekarach Śląskich,41-940,Piekary Śląskie,Bytomska 92,(32) 769-40-00,(32) 769-41-13,us2423@sl.mofnet.gov.pl,
Urząd Skarbowy w Pszczynie,43-200,Pszczyna,3 Maja 4,(32) 449-22-00,(32) 449-22-05,us2424@sl.mofnet.gov.pl,
Urząd Skarbowy w Raciborzu,47-400,Racibórz,Stanisława Drzymały 32,(32) 415-42-11,(32) 415-20-47,us2425@sl.mofnet.gov.pl,
Urząd Skarbowy w Rudzie Śląskiej,41-700,Ruda Śląska,Kokotek 6,(32) 342-04-00 ,(32) 342-05-08,us2426@sl.mofnet.gov.pl,
Urząd Skarbowy w Rybniku,44-200,Rybnik,Plac Armii Krajowej 3,(32) 423-58-00,(32) 423-58-80,us2427@sl.mofnet.gov.pl,
Urząd Skarbowy w Siemianowicach Śląskich,41-100,Siemianowice Śląskie,Gen. Karola Świerczewskiego 84,(32) 766-08-70,(32) 766-85-85,us2428@sl.mofnet.gov.pl,
Urząd Skarbowy w Sosnowcu,41-200,Sosnowiec,3 Maja 20,(32) 368-86-00,(32) 266-86-49,us2429@sl.mofnet.gov.pl,
Urząd Skarbowy w Tarnowskich Górach,42-600,Tarnowskie Góry,Opolska 23,(32) 769-92-99,(32) 769-92-05,us2430@sl.mofnet.gov.pl,
Urząd Skarbowy w Tychach,43-100,Tychy,al. Niepodległości 60,(32) 325-11-00,(32) 325-11-59,us2431@sl.mofnet.gov.pl,
Urząd Skarbowy w Wodzisławiu Śląskim,44-300,Wodzisław Śląski,Bartosza Głowackiego 4,(32) 455-31-53,(32) 455-48-14,us2432@sl.mofnet.gov.pl,
Urząd Skarbowy w Zabrzu,41-800,Zabrze,Bytomska 2,(32) 277-76-00,(32) 277-77-41,us2433@sl.mofnet.gov.pl,
Urząd Skarbowy w Zawierciu,42-400,Zawiercie,Leśna 8,(32) 672-27-05,(32) 672-24-22,us2434@sl.mofnet.gov.pl,
Urząd Skarbowy w Żorach,44-240,Żory,Wodzisławska 1,(32) 478-85-30,(32) 478-85-31,us2435@sl.mofnet.gov.pl,
Urząd Skarbowy w Żywcu,34-300,Żywiec,Krasińskiego 11,(33) 865-13-00,(33) 861-39-85,us2436@sl.mofnet.gov.pl,
Izba Skarbowa w Kielcach,25-561,Kielce,Wincentego Witosa 78b,(41) 34-05-102,(41) 344-58-54,is@sk.mofnet.gov.pl,2601
Świętokrzyski Urząd Skarbowy w Kielcach,25-647,Kielce,Częstochowska 20,(41) 364-75-07,(41) 364-75-50,us2671@sk.mofnet.gov.pl,2671
Urząd Skarbowy w Busko-Zdroju,28-100,Busko-Zdrój,12 Stycznia 17,(41) 378-10-69,(41) 378-33-69 wew. 66,us2602@sk.mofnet.gov.pl,2602
Urząd Skarbowy w Jędrzejowie,28-300,Jędrzejów,11 Listopada 33,(41) 386-33-57,(41) 386-24-43,us2603@sk.mofnet.gov.pl,2603
Pierwszy Urząd Skarbowy w Kielcach ,25-661,Kielce,Wróbla 17,(41) 365-71-14,(41) 345-58-49,us2604@sk.mofnet.gov.pl,2604
Drugi Urząd Skarbowy w Kielcach,25-647,Kielce,Częstochowska 20,(41) 364-70-00,(41) 364-72-50,us2605@sk.mofnet.gov.pl,2605
Urząd Skarbowy w Kazimierzy Wielkiej,28-500,Kazimierza Wielka,Tadeusza Kościuszki 16,(41) 350-11-30,(41) 350-11-40,us2614@sk.mofnet.gov.pl,2614
Urząd Skarbowy w Końskich,26-200,Końskie,Marszałka Piłsudskiego 156b,(41) 372-57-71,(41) 372-33-34,us2606@sk.mofnet.gov.pl,2606
Urząd Skarbowy w Opatowie,27-500,Opatów,Jana Kilińskiego 9,(15) 868-50-24,(15) 868-50-25,us2607@sk.mofnet.gov.pl,2607
Urząd Skarbowy w Ostrowcu Świętokrzyskim,27-400,Ostrowiec Świętokrzyski,Polna 11,(41) 266-06-14,(41) 266-06-55,us2608@sk.mofnet.gov.pl,2608
Urząd Skarbowy w Pińczowie,28-400,Pińczów,Grodziskowa 1,(41) 357-33-36,(41) 357-53-77 wew.123,us2609@sk.mofnet.gov.pl,2609
Urząd Skarbowy w Sandomierzu,27-600,Sandomierz,Żydowska 1,(15) 833-18-00,(15) 833-18-02,us2610@sk.mofnet.gov.pl,2610
Urząd Skarbowy w Skarżysku-Kamiennej,26-110,Skarżysko-Kamienna,1 Maja 56,(41) 251-71-30,(41) 251-71-36,us2611@sk.mofnet.gov.pl,2611
Urząd Skarbowy w Starachowicach,27-200,Starachowice,Składowa 33,(41) 276-21-00,(41) 276-21-29,us2612@sk.mofnet.gov.pl,2612
Urząd Skarbowy w Staszowie,28-200,Staszów,Oględowska 12,(15) 864-67-00,(15) 864-30-79,us2613@sk.mofnet.gov.pl,2613
Urząd Skarbowy we Włoszczowie,29-100,Włoszczowa,Wiśniowa 10,(41) 394-10-62,(41) 394-43-00,us2615@sk.mofnet.gov.pl,2615
Izba Skarbowa w Olsztynie,10-950,Olsztyn,Al. Marszałka Józefa Piłsudskiego 59A,(89) 534-49-44,(89) 534-32-20,is@wm.mofnet.gov.pl,2801
Warmińsko Mazurski Urząd Skarbowy w Olsztynie,10-408 ,Olsztyn,Lubelska 37,(89) 537-50-00,(89) 537-50-01,us2871@wm.mofnet.gov.pl,2871
Urząd Skarbowy w Bartoszycach,11-200 ,Bartoszyce,Bohaterów Warszawy 5,(89) 762-62-11,(89) 762-54-10,us2802@wm.mofnet.gov.pl,2802
Urząd Skarbowy w Braniewie,14-500,Braniewo,Jana Matejki 6,(55) 243-38-65,(55) 244-10-26,"us2803@wm.mofnet.gov.pl",2803
Urząd Skarbowy w Działdowie,13-200,Działdowo,Plac Mickiewicza 26 ,(23) 697-30-97,(23) 697-35-08,us2804@wm.mofnet.gov.pl,2804
Urząd Skarbowy w Elblągu,82-300,Elbląg,Adama Mickiewicza 43 ,(55) 611-56-00,(55) 611-57-43,us2805@wm.mofnet.gov.pl,2805
Urząd Skarbowy w Ełku,19-300,Ełk,Wojska Polskiego 67 ,(87) 610-41-00,(87) 521-30-69,us2806@wm.mofnet.gov.pl,2806
Urząd Skarbowy w Giżycku,11-500,Giżycko,I Dywizji im. T. Kościuszki 15 ,(87) 429-93-00,(87) 428-35-07,us2807@wm.mofnet.gov.pl,2807
Urząd Skarbowy w Iławie,14-200,Iława,Wojska Polskiego 26 ,(89) 649-14-00,(89) 649-14-40,us2808@wm.mofnet.gov.pl,2808
Urząd Skarbowy w Kętrzynie,11-400,Kętrzyn,Powstańców Warszawy 13 ,(89) 751-32-04,(89) 751-41-14,us2809@wm.mofnet.gov.pl,2809
Urząd Skarbowy w Nidzicy,13-100 ,Nidzica,Stefana Żeromskiego 11,(89) 625-29-97,(89) 625-36-21,us2810@wm.mofnet.gov.pl,2810
Urząd Skarbowy w Nowym Mieście Lubawskim,13-300 ,Nowe Miasto Lubawskie,Działyńskich 3,(56) 472-62-79,(56) 472-62-80,us2811@wm.mofnet.gov.pl,2811
Urząd Skarbowy w Olecku,19-400 ,Olecko,Wojska Polskiego 7,(87) 520-30-22,(87) 520-25-36,us2812@wm.mofnet.gov.pl,2812
Urząd Skarbowy w Olsztynie,10-950,Olsztyn,Al. Marszałka J. Piłsudskiego 59,(89) 539-24-00,(89) 539-26-00,us2813@wm.mofnet.gov.pl,2813
Urząd Skarbowy w Ostródzie,14-100,Ostróda,Olsztyńska 5 B ,(89) 640-71-00,(89) 640-71-06,us2814@wm.mofnet.gov.pl,2814
Urząd Skarbowy w Piszu,12-200,Pisz,Okopowa 2 ,(87) 425-20-00,(87) 423-25-70,us2815@wm.mofnet.gov.pl,2815
Urząd Skarbowy w Szczytnie,12-100,Szczytno,Warszawska 5 ,(89) 624-32-51,(89) 624-36-61,us2816@wm.mofnet.gov.pl,2816
Izba Skarbowa w Poznaniu,61-726,Poznań,Plac Cyryla Ratajskiego 5,(61) 858-61-00,(61) 852-22-24,is@wp.mofnet.gov.pl,3001
Biuro Wymiany Informacji Podatkowych w Koninie,62-510,Konin,Poznańska 46,(63) 2401977,(63) 2401988,sekretariat.bwip@wp.mofnet.gov.pl,
Biuro Krajowej Informacji Podatkowej w Lesznie,64-100,Leszno,Dekana 6,(65) 6111900,(65) 6111904,bkip.leszno@wp.mofnet.gov.pl,
Pierwszy Wielkopolski Urząd Skarbowy w Poznaniu,60-818,Poznań,Henryka Sienkiewicza 22,(61) 225-45-50,(61) 225-46-58,us3071@wp.mofnet.gov.pl,3071
Drugi Wielkopolski Urząd Skarbowy w Kaliszu,62-800,Kalisz,Fabryczna 1A,(62) 768-20-20,(62) 768-20-40,us3072@wp.mofnet.gov.pl,3072
Urząd Skarbowy w Chodzieży,64-800,Chodzież,Ofiar Gór Morzewskich 1,(67) 281-26-00,(67) 281-26-01,us3037@wp.mofnet.gov.pl,3037
Urząd Skarbowy w Czarnkowie,64-700,Czarnków,Pocztowa 4,(67) 253-95-00,(67) 253-95-01,"us3002@wp.mofnet,gov,pl",3002
Urząd Skarbowy w Gnieźnie,62-200,Gniezno,Spichrzowa 4,(61) 423-77-00,(61) 423-77-17,us3003@wp.mofnet.gov.pl,3003
Urząd Skarbowy w Gostyniu,63-800,Gostyń,Lipowa 2,(65) 572-35-33,(65) 572-37-24,us3004@wp.mofnet.gov.pl,3004
Urząd Skarbowy w Grodzisku Wielkopolskim,62-065,Grodzisk Wielkopolski,Chopina 7,(61) 442-64-00,(61) 442-64-40,us3005@wp.mofnet.gov.pl,3005
Urząd Skarbowy w Jarocinie,63-200,Jarocin,Tadeusza Kościuszki 21,(62) 505-60-10,(62) 505-60-29,"us3006@wp.mofnet.gov,pl",3006
Pierwszy Urząd Skarbowy w Kaliszu,62-800,Kalisz,Wrocławska 12,(62) 768-17-00,(62) 768-18-55,us3007@wp.mofnet.gov.pl,3007
Drugi Urząd Skarbowy w Kaliszu,62-800,Kalisz,Targowa 1,(62) 767-20-51,(62) 757-68-19,us3008@wp.mofnet.gov.pl,3008
Urząd Skarbowy w Kępnie,63-600,Kępno,Rynek 4,(62) 782-93-00,(62) 782-31-19,us3009@wp.mofnet.gov.pl,3009
Urząd Skarbowy w Kole,62-600,Koło,Bolesława Prusa 10,(63) 262-85-00,(63) 262-85-50,us3010@wp.mofnet.gov.pl,3010
Urząd Skarbowy w Koninie,62-510,Konin,Zakładowa 7a,(63) 245-68-77,(63) 245-68-71,us3011@wp.mofnet.gov.pl,3011
Urząd Skarbowy w Kościanie,64-000,Kościan,Młyńska 5,(65) 512-28-44,(65) 512-01-50,us3012@wp.mofnet.gov.pl,3012
Urząd Skarbowy w Krotoszynie,63-700,Krotoszyn,Polna 32,(62) 725-19-00,(62) 725-19-01,us3013@wp.mofnet.gov.pl,3013
Urząd Skarbowy w Lesznie,64-100,Leszno,Adama Mickiewicza 7,(65) 525-83-00,(65) 528-70-68,us3014@wp.mofnet.gov.pl,3014
Urząd Skarbowy w Międzychodzie,64-400,Międzychód,Marszałka Piłsudskiego 2,(95) 748-20-19,(95) 748-84-81,us3015@wp.mofnet.gov.pl,3015
Urząd Skarbowy w Nowym Tomyślu,64-300,Nowy Tomyśl,Kolejowa 38,(61) 442-31-66,(61) 442-38-41,us3016@wp.mofnet.gov.pl,3016
Urząd Skarbowy w Obornikach,64-600,Oborniki,Rynek 4,(61) 297-54-00,(61) 297-54-01,us3038@wp.mofnet.gov.pl,3038
Urząd Skarbowy w Ostrowie Wielkopolskim,63-400,Ostrów Wielkopolski,Chłapowskiego 45,(62) 595-51-00,(62) 595-52-50,us3017@wp.mofnet.gov.pl,3017
Urząd Skarbowy w Ostrzeszowie,63-500,Ostrzeszów,Władysława Grabskiego 1,(62) 587-03-00,(62) 586-00-11,us3018@wp.mofnet.gov.pl,3018
Urząd Skarbowy w Pile,64-920,Piła,Kossaka 106,(67) 352-60-00,(67) 351-26-96,us3019@wp.mofnet.gov.pl,3019
Urząd Skarbowy w Pleszewie,63-300,Pleszew,Bogusza 6,(62) 508-17-77,(62) 508-17-89,us3039@wp.mofnet.gov.pl,3039
Urząd Skarbowy Poznań - Grunwald,60-179,Poznań,Mariana Smoluchowskiego 1,(61) 664-40-00,(61) 664-40-37,us3020@wp.mofnet.gov.pl,3020
Urząd Skarbowy Poznań - Jeżyce,60-823,Poznań,Juliusza Słowackiego 22,(61) 647-18-00,(61) 647-19-21,us3021@wp.mofnet.gov.pl,3021
Urząd Skarbowy Poznań - Nowe Miasto,61-055,Poznań,Warszawska 183/185,(61) 873-03-00,(61) 874-71-10,us3022@wp.mofnet.gov.pl,3022
Pierwszy Urząd Skarbowy w Poznaniu,60-965,Poznań,Dezyderego Chłapowskiego 17/18,(61) 657-87-87,(61) 657-82-20,us3023@wp.mofnet.gov.pl,3023
Urząd Skarbowy Poznań - Winogrady,60-685,Poznań,Zygmunta Wojciechowskiego 3/5,(61) 827-01-00,(61) 827-01-01,us3025@wp.mofnet.gov.pl,3025
Urząd Skarbowy Poznań - Wilda,61-558,Poznań,Wierzbięcice 45,(61) 832-88-00,(61) 833-38-12,us3026@wp.mofnet.gov.pl,3026
Urząd Skarbowy w Rawiczu,63-900,Rawicz,Stanisława Staszica 4,(65) 546-61-00,(65) 546-61-52,us3027@wp.mofnet.gov.pl,3027
Urząd Skarbowy w Słupcy,62-400,Słupca,Wspólna 1,(63) 274-39-60,(63) 274-39-75,us3028@wp.mofnet.gov.pl,3028
Urząd Skarbowy w Szamotułach,64-500,Szamotuły,Bolesława Chrobrego 17a,(61) 292-06-14,(61) 292-06-40,us3029@wp.mofnet.gov.pl,3029
Urząd Skarbowy w Śremie,63-100,Śrem,Wojska Polskiego 12,(61) 283-65-01,(61) 283-67-44,us3030@wp.mofnet.gov.pl,3030
Urząd Skarbowy w Środzie Wielkopolskiej,63-000,Środa Wielkopolska,Harcerska 2,(61) 285-80-91,(61) 286-79-17,us3031@wp.mofnet.gov.pl,3031
Urząd Skarbowy w Turku,62-700,Turek,Konińska 1,(63) 280-44-44,(63) 278-83-30,us3032@wp.mofnet.gov.pl,3032
Urząd Skarbowy w Wągrowcu,62-100,Wągrowiec,Tadeusza Kościuszki 19a,(67) 268-11-00,(67) 268-11-63,us3033@wp.mofnet.gov.pl,3033
Urząd Skarbowy w Wolsztynie,64-200,Wolsztyn,Dworcowa 15,(68) 347-55-00,(68) 347-55-38,us3034@wp.mofnet.gov.pl,3034
Urząd Skarbowy we Wrześni,62-300,Września,Warszawska 26,(61) 435-91-00,(61) 435-91-06,us3035@wp.mofnet.gov.pl,3035
Urząd Skarbowy w Złotowie,77-400,Złotów,Aleja Piasta 25,(67) 263-54-20,(67) 263-39-00,us3036@wp.mofnet.gov.pl,3036
Izba Skarbowa w Szczecinie,70-525,Szczecin,"Franklina Delano Roosevelta 1,2",(91) 480-36-00,(91) 480-36-56,is@zp.mofnet.gov.pl,3201
Zachodniopomorski Urząd Skarbowy w Szczecinie,71-011,Szczecin,Mieszka I 33,(91) 810-96-01,(91) 810-96-04 lub (91) 810-96-08,us3271@zp.mofnet.gov.pl,3271
Urząd Skarbowy w Białogardzie,78-200,Białogard,Adama Mickiewicza 3,(94) 311-04-00      ,(94) 312-48-68,us3202@zp.mofnet.gov.pl,
Urząd Skarbowy w Choszcznie,73-200,Choszczno,22 Lipca 16,(95)765-80-51 do 55,(95) 765-27-35,us3203@zp.mofnet.gov.pl ,3203
Urząd Skarbowy w Drawsku Pomorskim,78-500,Drawsko Pomorskie,Józefa Piłsudskiego 35-37,(94)363-34-31 do 34   (94) 363-63-00,(94) 363-23-68,us3204@zp.mofnet.gov.pl,3204
Urząd Skarbowy w Goleniowie,72-100,Goleniów,Plac Lotników 1,(91) 432-15-00,(91) 418-25-98,us3205@zp.mofnet.gov.pl,3205
Urząd Skarbowy w Gryficach,72-300,Gryfice,Niepodległości 54A,(91) 387-84-00,(91) 387-84-02,us3206@zp.mofnet.gov.pl,3206
Urząd Skarbowy w Gryfinie,74-100,Gryfino,Szczecińska 24,(91) 416-41-30      (91) 416-46-95,(91) 404-51-58,us3207@zp.mofnet.gov.pl,3207
Urząd Skarbowy w Kamieniu Pomorskim,72-400,Kamień Pomorski,Mieszka I 5B,(91) 382-00-54       (91) 382-25-54,(91) 382-19-46,us3208@zp.mofnet.gov.pl,3208
Urząd Skarbowy w Kołobrzegu,78-100,Kołobrzeg,Armii Krajowej 2,(94) 355-19-00,(94) 352-48-38,us3209@zp.mofnet.gov.pl,
Pierwszy Urząd Skarbowy w Koszalinie,75-216,Koszalin,Przemysłowa 3,(94) 345-95-00,(94) 346-07-51,us3210@zp.mofnet.gov.pl,3210
Drugi Urząd Skarbowy w Koszalinie,75-549,Koszalin,Stanisława Moniuszki 15,(94) 347-75-00,(94) 345-24-71,us3211@zp.mofnet.gov.pl,3211
Urząd Skarbowy w Myśliborzu,74-300,Myślibórz,Felczaka 18,(95) 747-72-20,(95) 747-72-59,us3212@zp.mofnet.gov.pl,3212
Urząd Skarbowy w Pyrzycach,74-200,Pyrzyce,1 Maja 16,(91) 578-91-00,(91) 570-27-10,us3213@zp.mofnet.gov.pl,
Urząd Skarbowy w Stargardzie Szczecińskim,73-110,Stargard Szczeciński,Towarowa 15,(91) 576-32-00,(91) 576-32-01,us3214@zp.mofnet.gov.pl,3214
Pierwszy Urząd Skarbowy w Szczecinie,70-217,Szczecin,Michała Drzymały 5,(91) 813-05-00,(91) 813-72-70,us3215@zp.mofnet.gov.pl,
Drugi Urząd Skarbowy w Szczecinie,71-417,Szczecin,Felczaka 19,(91) 882-31-00,(91) 882-32-32,us3216@zp.mofnet.gov.pl,3216
Trzeci Urząd Skarbowy w Szczecinie,70-783,Szczecin,Lucjana Rydla 65,(91) 810-34-00,(91) 810-34-36,us3217@zp.mofnet.gov.pl,
Urząd Skarbowy w Szczecinku,78-400,Szczecinek,Adama Mickiewicza 13-14,(94) 37-14-600,(94) 37-14-681,us3218@zp.mofnet.gov.pl,
Urząd Skarbowy w Świnoujściu,72-600,Świnoujście,Kazimierza Pułaskiego 7,(91) 322-02-00,(91) 321-54-17,us3219@zp.mofnet.gov.pl,3219
Urząd Skarbowy w Wałczu,78-600,Wałcz,Tadeusza Kościuszki 4,(67) 258-00-72 do 75,(67) 258-36-18,us3220@zp.mofnet.gov.pl,3220
